{
  "score": 1.5693058096886479,
  "stats": {
    "total_return": 38.65947199872587,
    "annual_return": 12.11980654423126,
    "buy_hold_return": -26.79420257615586,
    "sharpe_ratio": 1.5739827686991799,
    "sortino_ratio": 2.880725592142568,
    "calmar_ratio": 2.5259295084186637,
    "max_drawdown": -4.798157075974285,
    "avg_drawdown": -1.0586552330883428,
    "total_trades": 20,
    "win_rate": 70.0,
    "best_trade": 14.391444624352875,
    "worst_trade": -9.682292524240397,
    "avg_trade": 5.245607300302768,
    "profit_factor": 3.622028269648335,
    "avg_trade_duration": "32 days 00:00:00",
    "exposure_time": 60.55555555555555,
    "initial_capital": 100000,
    "final_equity": 138659.47199872587,
    "equity_peak": 144753.28720254896
  },
  "params": {
    "rf_n_estimators": 300,
    "rf_max_depth": 10,
    "rf_min_samples_leaf": 4,
    "xgb_n_estimators": 400,
    "xgb_max_depth": 6,
    "xgb_learning_rate": 0.04,
    "xgb_subsample": 0.9,
    "xgb_colsample": 0.6,
    "xgb_reg_lambda": 4.967243442423862,
    "xgb_reg_alpha": 0.47376797742361737,
    "bag_n_estimators": 30,
    "weights": {
      "rf": 0.3317285158189671,
      "xgb": 0.24558733125020013,
      "bagging": 0.4226841529308327
    },
    "threshold_buy": 0.63,
    "threshold_sell": 0.37,
    "position_size": 0.30000000000000004,
    "stop_loss": 0.06,
    "take_profit": 0.1,
    "n_features": 30
  }
}