{
  "score": 1.533874855201617,
  "stats": {
    "total_return": 22.84326346495061,
    "annual_return": 7.466466846836517,
    "buy_hold_return": -26.79420257615586,
    "sharpe_ratio": 1.5366392462416942,
    "sortino_ratio": 3.308471433076332,
    "calmar_ratio": 2.629912059972031,
    "max_drawdown": -2.8390557085456014,
    "avg_drawdown": -0.8982435508313732,
    "total_trades": 11,
    "win_rate": 90.9090909090909,
    "best_trade": 10.54637437467081,
    "worst_trade": -4.878955759127603,
    "avg_trade": 4.153974712174802,
    "profit_factor": 10.562624423071117,
    "avg_trade_duration": "9 days 00:00:00",
    "exposure_time": 10.13888888888889,
    "initial_capital": 100000,
    "final_equity": 122843.2634649506,
    "equity_peak": 123245.79677931218
  },
  "params": {
    "rf_n_estimators": 200,
    "rf_max_depth": 10,
    "rf_min_samples_leaf": 3,
    "xgb_n_estimators": 200,
    "xgb_max_depth": 8,
    "xgb_learning_rate": 0.05,
    "xgb_subsample": 0.9,
    "xgb_colsample": 0.8,
    "xgb_reg_lambda": 4.316815537303276,
    "xgb_reg_alpha": 0.591105432886858,
    "bag_n_estimators": 60,
    "weights": {
      "rf": 0.2992155713255776,
      "xgb": 0.4361587209944904,
      "bagging": 0.26462570767993215
    },
    "threshold_buy": 0.5800000000000001,
    "threshold_sell": 0.38,
    "position_size": 0.45,
    "stop_loss": 0.04,
    "take_profit": 0.14,
    "n_features": 70
  }
}